"layer","zindex","type","startZoom","stopZoom","filter","color","width","pattern"
"leisure__leisure",,"polygon",10,,"leisure = marina","0xb5d0d0",,
,,"polygon",12,,"man_made = pier","0xf2efe9",,
,,"polygon",13,,"leisure = playground","0xccffff",,
,,"polygon",13,,"tourism = camp_site or tourism = caravan_site or tourism = picnic_site","0xccff99",,
,,"polygon",10,,"tourism = attraction","0xf2caea",,
,,"polygon",10,13,"leisure = nature_reserve or landuse = vineyard","0xabdf96",,
,,"polygon",10,15,"landuse = cemetery or landuse = grave_yard or amenity = grave_yard","0xaacbaf",,
,,"polygon",10,,"landuse = residential","0xdddddd",,
,,"polygon",10,,"military = barracks","0xff8f8f",,
,,"polygon",10,,"landuse = military","0xffa8a8",,
,,"polygon",10,14,"landuse = field or natural = field","0x666600",,
,,"polygon",14,,"landuse = field or natural = field","0x666600",,
,,"polygon",9,11,"military = danger_area","0xFFAFAF",,
,,"polygon",10,,"landuse = meadow or landuse = grass","0xcfeca8",,
,,"polygon",10,,"leisure = park or leisure = recreation_ground","0xb6fdb6",,
,,"polygon",10,,"leisure = common","0xcfeca8",,
,,"polygon",10,,"leisure = garden","0xcfeca8",,
,,"polygon",10,,"leisure = golf_course","0xb5e3b5",,
,,"polygon",10,,"landuse = allotments","0xc8b084",,
,,"polygon",9,14,"landuse = forest","0x8dc56c",,
,,"polygon",9,,"landuse = farmyard","0xddbf92",,
,,"polygon",9,,"landuse = farm or landuse = farmland","0xead8bd",,
,,"polygon",10,,"landuse = recreation_ground or landuse = conservation","0xcfeca8",,
,,"polygon",11,,"landuse = village_green","0xcfeca8",,
,,"polygon",10,,"landuse = retail","0xf1dada",,
,,"polygon",10,,"landuse = industrial or landuse = railway","0xdfd1d6",,
,,"polygon",10,12,"power = station","0xbbbbbb",,
,,"polygon",12,,"power = station","0xbbbbbb",,
,,"polygon",13,,"power = sub_station","0xbbbbbb",,
,,"polygon",10,,"landuse = commercial","0xefc8c8",,
,,"polygon",10,,"landuse = brownfield or landuse = landfill or landuse = greenfield or landuse = construction","0x9d9d6c",,
,,"polygon",10,,"natural = wood or landuse = wood","0xaed1a0",,
,,"polygon",10,,"natural = heath","0xffffc0",,
,,"polygon",7,,"landuse = basin","0xb5d0d0",,
,,"polygon",10,,"amenity = university or amenity = college or amenity = school or amenity = hospital","0xf0f0d8",,
,,"polygon",10,,"amenity = parking","0xf7efb7",,
,,"polygon",12,,"aeroway = apron","0xf0e0ff",,
"sports_grounds__sports_grounds",,"polygon",10,,"leisure = sports_centre or leisure = stadium","0x33cc99",,
"water_areas__water_areas",,"polygon",9,,"waterway = dock or landuse = reservoir or landuse = water or waterway = mill_pond or waterway = riverbank","0xb5d0d0",,
,,"polygon",7,,"natural = lake or natural = water","0xb5d0d0",,
,,"polygon",10,,"natural = land","0xf2efe9",,
"buildings__buildings",,"polygon",10,,"leisure = pitch","0x8ad3af",,
,,"polygon",10,,"railway = station or building = station","0xd4aaaa",,
,,"polygon",10,,"building = supermarket","0xFFAFAF",,
,,"polygon",10,15,"amenity = place_of_worship","0x777777",,
,,"polygon",15,,"amenity = place_of_worship","0x777777",,
,,"polygon",10,,"leisure = track","0x74dcba",,
,,"polygon",12,,"aeroway = terminal","0xcc99ff",,
"highway-area-fill__highway-area-fill",,"polygon",14,,"highway = living_street","0xbbbbbb",,
,,"polygon",14,,"highway = residential or highway = unclassified or highway = service","0xffffff",,
,,"polygon",14,,"highway = pedestrian or highway = footway","0xededed",,
"misc_boundaries__boundary",,"polygon",7,10,"boundary = national_park","0x00FF00",,
,,"polygon",10,13,"boundary = national_park","0x00FF00",,
"roads",,"line",12,12,"highway = trunk AND  NOT ( tunnel = yes OR tunnel = true OR tunnel = 1 )","0x477147","2.25pt",
,,"line",12,12,"highway = primary AND  NOT ( tunnel = yes OR tunnel = true OR tunnel = 1 )","0x8d4346","2.25pt",
,,"line",12,12,"highway = secondary AND  NOT ( tunnel = yes OR tunnel = true OR tunnel = 1 )","0xa37b48","1.875pt",
,,"line",13,14,"highway = motorway AND  NOT ( tunnel = yes OR tunnel = true )","0x506077","4.875pt",
,,"line",13,14,"highway = trunk AND  NOT ( tunnel = yes OR tunnel = true OR tunnel = 1 )","0x477147","5.625pt",
,,"line",13,14,"highway = primary AND  NOT ( tunnel = yes OR tunnel = true OR tunnel = 1 )","0x8d4346","5.625pt",
,,"line",13,14,"highway = secondary AND  NOT ( tunnel = yes OR tunnel = true OR tunnel = 1 )","0xa37b48","6.375pt",
,,"line",15,16,"highway = motorway AND  NOT ( tunnel = yes OR tunnel = true )","0x506077","7.5pt",
,,"line",15,16,"highway = trunk AND  NOT ( tunnel = yes OR tunnel = true OR tunnel = 1 )","0x477147","8.625pt",
,,"line",15,16,"highway = primary AND  NOT ( tunnel = yes OR tunnel = true OR tunnel = 1 )","0x8d4346","8.625pt",
,,"line",15,16,"highway = secondary AND  NOT ( tunnel = yes OR tunnel = true OR tunnel = 1 )","0xa37b48","8.625pt",
,,"line",17,,"highway = motorway AND  NOT ( tunnel = yes OR tunnel = true )","0x506077","9.75pt",
,,"line",17,,"highway = trunk AND  NOT ( tunnel = yes OR tunnel = true OR tunnel = 1 )","0x477147","12pt",
,,"line",17,,"highway = primary AND  NOT ( tunnel = yes OR tunnel = true OR tunnel = 1 )","0x8d4346","12pt",
,,"line",17,,"highway = secondary AND  NOT ( tunnel = yes OR tunnel = true OR tunnel = 1 )","0xa37b48","12pt",
,,"line",13,13,"highway = tertiary AND  NOT ( tunnel = yes OR tunnel = true )","0xbbbbbb","4.5pt",
,,"line",13,13,"highway = tertiary AND tunnel = yes OR tunnel = true","0x999999","4.5pt",
,,"line",13,13,"highway = residential OR highway = minor OR highway = unclassified OR highway = road AND  NOT ( tunnel = yes OR tunnel = true )","0x999999","2.25pt",
,,"line",13,13,"highway = residential OR highway = minor OR highway = unclassified OR highway = road AND tunnel = yes OR tunnel = true","0x999999","2.25pt",
,,"line",14,14,"highway = tertiary AND  NOT ( tunnel = yes OR tunnel = true )","0xbbbbbb","5.625pt",
,,"line",14,14,"highway = tertiary AND tunnel = yes OR tunnel = true","0x999999","5.625pt",
,,"line",14,14,"highway = residential OR highway = minor OR highway = unclassified OR highway = road AND  NOT ( tunnel = yes OR tunnel = true )","0x999999","3.375pt",
,,"line",14,14,"highway = residential OR highway = minor OR highway = unclassified OR highway = road AND tunnel = yes OR tunnel = true","0x999999","3.375pt",
,,"line",15,16,"highway = tertiary OR highway = residential OR highway = minor OR highway = unclassified OR highway = road AND  NOT ( tunnel = yes OR tunnel = true )","0xbbbbbb","8.25pt",
,,"line",15,16,"highway = tertiary OR highway = residential OR highway = minor OR highway = unclassified OR highway = road AND tunnel = yes OR tunnel = true","0x999999","8.25pt",
,,"line",17,,"highway = tertiary OR highway = residential OR highway = minor OR highway = unclassified OR highway = road AND  NOT ( tunnel = yes OR tunnel = true )","0xbbbbbb","12pt",
,,"line",17,,"highway = tertiary OR highway = residential OR highway = minor OR highway = unclassified OR highway = road AND tunnel = yes OR tunnel = true","0x999999","12pt",
,,"line",14,14,"highway = service AND  NOT ( service = parking_aisle OR tunnel = yes OR tunnel = true )","0x999999","2.25pt",
,,"line",14,14,"highway = service AND tunnel = yes OR tunnel = true","0x999999","2.25pt",
,,"line",15,,"highway = service AND  NOT ( service = parking_aisle OR tunnel = yes OR tunnel = true )","0x999999","6pt",
,,"line",15,,"highway = service AND tunnel = yes OR tunnel = true","0x999999","6pt",
,,"line",16,,"highway = service AND service = parking_aisle","0x999999","3pt",
,,"line",13,13,"highway = pedestrian AND  NOT ( tunnel = yes OR tunnel = true )","0x000000","1.5pt",
,,"line",13,13,"highway = pedestrian AND tunnel = yes OR tunnel = true","0x000000","1.5pt",
,,"line",14,14,"highway = pedestrian AND  NOT ( tunnel = yes OR tunnel = true )","0x000000","2.7pt",
,,"line",14,14,"highway = pedestrian AND tunnel = yes OR tunnel = true","0x000000","2.7pt",
,,"line",15,15,"highway = pedestrian AND  NOT ( tunnel = yes OR tunnel = true )","0x000000","4.875pt",
,,"line",15,15,"highway = pedestrian AND tunnel = yes OR tunnel = true","0x000000","4.875pt",
,,"line",16,,"highway = pedestrian AND  NOT ( tunnel = yes OR tunnel = true )","0x000000","6.75pt",
,,"line",16,,"highway = pedestrian AND tunnel = yes OR tunnel = true","0x000000","6.75pt",
"minor-roads-fill__minor-roads-fill",,"line",12,12,"highway = proposed OR highway = construction AND  NOT ( construction <> #EMPTY# )","0xffffff",2,
,,"line",12,12,"highway = proposed OR highway = construction AND  NOT ( construction <> #EMPTY# )","0x9cc9cc",2,
,,"line",12,12,"highway = proposed OR highway = construction AND construction = motorway OR construction = motorway_link","0xffffff",2,
,,"line",12,12,"highway = proposed OR highway = construction AND construction = motorway OR construction = motorway_link","0x809bc0",2,
,,"line",12,12,"highway = proposed OR highway = construction AND construction = trunk OR construction = trunk_link","0xa9dba9",2,
,,"line",12,12,"highway = proposed OR highway = construction AND construction = trunk OR construction = trunk_link","0xffffff",2,
,,"line",12,12,"highway = proposed OR highway = construction AND construction = primary OR construction = primary_link","0xffffff",2,
,,"line",12,12,"highway = proposed OR highway = construction AND construction = primary OR construction = primary_link","0xec989a",2,
,,"line",12,12,"highway = proposed OR highway = construction AND construction = secondary OR construction = secondary_link","0xffffff",2,
,,"line",12,12,"highway = proposed OR highway = construction AND construction = secondary OR construction = secondary_link","0xfed7a5",2,
,,"line",13,15,"highway = proposed OR highway = construction AND  NOT ( construction <> #EMPTY# )","0x9cc9cc",4,
,,"line",13,15,"highway = proposed OR highway = construction AND  NOT ( construction <> #EMPTY# )","0xffffff",3.5,
,,"line",13,15,"highway = proposed OR highway = construction AND construction = motorway OR construction = motorway_link","0x809bc0",4,
,,"line",13,15,"highway = proposed OR highway = construction AND construction = motorway OR construction = motorway_link","0xffffff",3.5,
,,"line",13,15,"highway = proposed OR highway = construction AND construction = trunk OR construction = trunk_link","0xa9dba9",4,
,,"line",13,15,"highway = proposed OR highway = construction AND construction = trunk OR construction = trunk_link","0xffffff",3.5,
,,"line",13,15,"highway = proposed OR highway = construction AND construction = primary OR construction = primary_link","0xec989a",4,
,,"line",13,15,"highway = proposed OR highway = construction AND construction = primary OR construction = primary_link","0xffffff",3.5,
,,"line",13,15,"highway = proposed OR highway = construction AND construction = secondary OR construction = secondary_link","0xffffff",3.5,
,,"line",13,15,"highway = proposed OR highway = construction AND construction = secondary OR construction = secondary_link","0xfed7a5",4,
,,"line",13,15,"highway = proposed OR highway = construction AND construction = tertiary OR construction = tertiary_link","0xffffb3",4,
,,"line",13,15,"highway = proposed OR highway = construction AND construction = tertiary OR construction = tertiary_link","0xffffff",3.5,
,,"line",13,15,"highway = proposed OR highway = construction AND construction = residential OR construction = unclassified OR construction = living_street OR construction = service","0xffffff",3.5,
,,"line",13,15,"highway = proposed OR highway = construction AND construction = residential OR construction = unclassified OR construction = living_street OR construction = service","0xaaaaaa",4,
,,"line",16,,"highway = proposed OR highway = construction AND  NOT ( construction <> #EMPTY# )","0xffffff",7,
,,"line",16,,"highway = proposed OR highway = construction AND  NOT ( construction <> #EMPTY# )","0x9cc9cc",8,
,,"line",16,,"highway = proposed OR highway = construction AND construction = motorway OR construction = motorway_link","0x809bc0",8,
,,"line",16,,"highway = proposed OR highway = construction AND construction = motorway OR construction = motorway_link","0xffffff",7,
,,"line",16,,"highway = proposed OR highway = construction AND construction = trunk OR construction = trunk_link","0xa9dba9",8,
,,"line",16,,"highway = proposed OR highway = construction AND construction = trunk OR construction = trunk_link","0xffffff",7,
,,"line",16,,"highway = proposed OR highway = construction AND construction = primary OR construction = primary_link","0xffffff",7,
,,"line",16,,"highway = proposed OR highway = construction AND construction = primary OR construction = primary_link","0xec989a",8,
,,"line",16,,"highway = proposed OR highway = construction AND construction = secondary OR construction = secondary_link","0xfed7a5",8,
,,"line",16,,"highway = proposed OR highway = construction AND construction = secondary OR construction = secondary_link","0xffffff",7,
,,"line",16,,"highway = proposed OR highway = construction AND construction = tertiary OR construction = tertiary_link","0xffffff",7,
,,"line",16,,"highway = proposed OR highway = construction AND construction = tertiary OR construction = tertiary_link","0xffffb3",8,
,,"line",16,,"highway = proposed OR highway = construction AND construction = residential OR construction = unclassified OR construction = living_street OR construction = service","0xffffff",7,
,,"line",16,,"highway = proposed OR highway = construction AND construction = residential OR construction = unclassified OR construction = living_street OR construction = service","0xaaaaaa",8,
,,"line",12,12,"highway = motorway AND  NOT ( tunnel = yes OR tunnel = true )","0x809bc0","1.5pt",
,,"line",13,14,"highway = motorway AND  NOT ( tunnel = yes OR tunnel = true )","0x809bc0","3.75pt",
,,"line",15,16,"highway = motorway AND  NOT ( tunnel = yes OR tunnel = true )","0x809bc0","6.375pt",
,,"line",17,,"highway = motorway AND  NOT ( tunnel = yes OR tunnel = true )","0x809bc0","8.25pt",
,,"line",12,12,"highway = trunk AND  NOT ( tunnel = yes OR tunnel = true )","0xa9dba9","1.875pt",
,,"line",13,14,"highway = trunk AND  NOT ( tunnel = yes OR tunnel = true )","0xa9dba9","5.25pt",
,,"line",15,16,"highway = trunk AND  NOT ( tunnel = yes OR tunnel = true )","0xa9dba9","8.25pt",
,,"line",17,,"highway = trunk AND  NOT ( tunnel = yes OR tunnel = true )","0xa9dba9","11.625pt",
,,"line",11,12,"highway = primary AND  NOT ( tunnel = yes OR tunnel = true )","0xec989a","1.875pt",
,,"line",13,14,"highway = primary AND  NOT ( tunnel = yes OR tunnel = true )","0xec989a","5.25pt",
,,"line",15,16,"highway = primary AND  NOT ( tunnel = yes OR tunnel = true )","0xec989a","8.25pt",
,,"line",17,,"highway = primary AND  NOT ( tunnel = yes OR tunnel = true )","0xec989a","11.625pt",
,30,"line",12,12,"highway = secondary AND  NOT ( tunnel = yes OR tunnel = true )","0xfed7a5","1.5pt",
,30,"line",13,14,"highway = secondary AND  NOT ( tunnel = yes OR tunnel = true )","0xfed7a5","6pt",
,30,"line",15,16,"highway = secondary AND  NOT ( tunnel = yes OR tunnel = true )","0xfed7a5","8.25pt",
,30,"line",17,,"highway = secondary AND  NOT ( tunnel = yes OR tunnel = true )","0xfed7a5","11.625pt",